"Index","Id","Code","Name","PdfFile","AttachmentCount"
"1","019f68b7-3349-779e-afc4-d1801f6b64f0","1.115729","Đăng ký biến động đối với trường hợp thay đổi quyền sử dụng đất, quyền sở hữu tài sản gắn liền với đất theo thỏa thuận của các thành viên hộ gia đình hoặc của vợ và chồng; quyền sử dụng đất xây dựng công trình trên mặt đất phục vụ cho việc vận hành, khai thác sử dụng công trình ngầm, quyền sở hữu công trình ngầm; bán tài sản, điều chuyển, chuyển nhượng quyền sử dụng đất là tài sản công theo quy định của pháp luật về quản lý, sử dụng tài sản công; nhận quyền sử dụng đất, quyền sở hữu tài sản gắn liền với đất theo kết quả giải quyết tranh chấp, khiếu nại, tố cáo về đất đai hoặc bản án, quyết định của Tòa án, quyết định thi hành án của cơ quan thi hành án đã được thi hành; quyết định hoặc phán quyết của Trọng tài thương mại Việt Nam về giải quyết tranh chấp giữa các bên phát sinh từ hoạt động thương mại liên quan đến đất đai; nhận quyền sử dụng đất, quyền sở hữu tài sản gắn liền với đất do xử lý tài sản thế chấp là quyền sử dụng đất, tài sản gắn liền với đất đã được đăng ký, bao gồm cả xử lý khoản nợ có nguồn gốc từ khoản nợ xấu của tổ chức tín dụng, chi nhánh ngân hàng nước ngoài","pdf_thu_tuc/001_1.115729.pdf","5"
"2","019f6872-a464-768d-8166-2f54a05e04be","1.115722","Đăng ký biến động thay đổi quyền sử dụng đất, quyền sở hữu tài sản gắn liền với đất do chia, tách, hợp nhất, sáp nhập tổ chức hoặc chuyển đổi mô hình tổ chức, chuyển đổi loại hình doanh nghiệp theo quy định của pháp luật về doanh nghiệp; điều chỉnh quy hoạch xây dựng chi tiết; cấp Giấy chứng nhận cho từng thửa đất theo quy hoạch xây dựng chi tiết cho chủ đầu tư dự án có nhu cầu","pdf_thu_tuc/002_1.115722.pdf","3"
"3","019f6567-6746-754e-a073-4d425e27c92d","1.115719","Đăng ký biến động quyền sử dụng đất, quyền sở hữu tài sản gắn liền với đất trong các trường hợp chuyển đổi quyền sử dụng đất nông nghiệp mà không theo phương án dồn điền, đổi thửa; chuyển nhượng, thừa kế, tặng cho quyền sử dụng đất, quyền sở hữu tài sản gắn liền với đất, góp vốn bằng quyền sử dụng đất, quyền sở hữu tài sản gắn liền với đất; cho thuê, cho thuê lại quyền sử dụng đất trong dự án xây dựng kinh doanh kết cấu hạ tầng; bán hoặc tặng cho hoặc để thừa kế hoặc góp vốn bằng tài sản gắn liền với đất thuê của Nhà nước theo hình thức thuê đất trả tiền hàng năm; chuyển nhượng quyền khai thác khoáng sản theo quy định của pháp luật về địa chất và khoáng sản","pdf_thu_tuc/003_1.115719.pdf","1"
"4","019f6522-7fd0-762a-bc98-95b960a4b3cc","1.115714","Đăng ký, cấp Giấy chứng nhận quyền sử dụng đất, quyền sở hữu
tài sản gắn liền với đất cho người nhận chuyển nhượng quyền sử dụng đất,
quyền sở hữu nhà ở, công trình xây dựng trong dự án bất động sản","pdf_thu_tuc/004_1.115714.pdf","2"
"5","019f64fb-f3e6-74f2-9692-30ff133deb59","1.115711","Xóa đăng ký thuê, cho thuê lại quyền sử dụng đất trong dự án xây dựng kinh doanh kết cấu hạ tầng","pdf_thu_tuc/005_1.115711.pdf","1"
"6","019f5a8a-022e-70c9-87a6-708ef068a052","1.115788","Xóa đăng ký thuê, cho thuê lại quyền sử dụng đất trong dự án xây dựng kinh doanh kết cấu hạ tầng","pdf_thu_tuc/006_1.115788.pdf","1"
"7","019f59c2-7ecd-7609-a25b-4e44530ac98c","1.115632","Đăng ký biến động đối với trường hợp thay đổi quyền sử dụng đất, quyền sở hữu tài sản gắn liền với đất theo thỏa thuận của các thành viên hộ gia đình hoặc của vợ và chồng; quyền sử dụng đất xây dựng công trình trên mặt đất phục vụ cho việc vận hành, khai thác sử dụng công trình ngầm, quyền sở hữu công trình ngầm; bán tài sản, điều chuyển, chuyển nhượng quyền sử dụng đất là tài sản công theo quy định của pháp luật về quản lý, sử dụng tài sản công; nhận quyền sử dụng đất, quyền sở hữu tài sản gắn liền với đất theo kết quả giải quyết tranh chấp, khiếu nại, tố cáo về đất đai hoặc bản án, quyết định của Tòa án, quyết định thi hành án của cơ quan thi hành án đã được thi hành; quyết định hoặc phán quyết của Trọng tài thương mại Việt Nam về giải quyết tranh chấp giữa các bên phát sinh từ hoạt động thương mại liên quan đến đất đai; nhận quyền sử dụng đất, quyền sở hữu tài sản gắn liền với đất do xử lý tài sản thế chấp là quyền sử dụng đất, tài sản gắn liền với đất đã được đăng ký, bao gồm cả xử lý khoản nợ có nguồn gốc từ khoản nợ xấu của tổ chức tín dụng, chi nhánh ngân hàng nước ngoài","pdf_thu_tuc/007_1.115632.pdf","8"
"8","019f59b6-372b-74a5-bb4a-7ff0bdd10710","1.115631","Đăng ký biến động thay đổi quyền sử dụng đất, quyền sở hữu tài sản gắn liền với đất do chia, tách, hợp nhất, sáp nhập tổ chức hoặc chuyển đổi mô hình tổ chức, chuyển đổi loại hình doanh nghiệp theo quy định của pháp luật về doanh nghiệp; điều chỉnh quy hoạch xây dựng chi tiết; cấp Giấy chứng nhận cho từng thửa đất theo quy hoạch xây dựng chi tiết cho chủ đầu tư dự án có nhu cầu","pdf_thu_tuc/008_1.115631.pdf","4"
"9","019f599f-63cc-7496-b702-c8d89b034532","1.115778","Đăng ký biến động quyền sử dụng đất, quyền sở hữu tài sản gắn liền với đất trong các trường hợp chuyển đổi quyền sử dụng đất nông nghiệp mà không theo phương án dồn điền, đổi thửa; chuyển nhượng, thừa kế, tặng cho quyền sử dụng đất, quyền sở hữu tài sản gắn liền với đất, góp vốn bằng quyền sử dụng đất, quyền sở hữu tài sản gắn liền với đất; cho thuê, cho thuê lại quyền sử dụng đất trong dự án xây dựng kinh doanh kết cấu hạ tầng; bán hoặc tặng cho hoặc để thừa kế hoặc góp vốn bằng tài sản gắn liền với đất thuê của Nhà nước theo hình thức thuê đất trả tiền hàng năm","pdf_thu_tuc/009_1.115778.pdf","2"
"10","019f5989-fab3-774b-a5f0-a48908dd2a7f","1.115777","Đăng ký, cấp Giấy chứng nhận quyền sử dụng đất, quyền sở hữu tài sản gắn liền với đất cho người nhận chuyển nhượng quyền sử dụng đất, quyền sở hữu nhà ở, công trình xây dựng trong dự án bất động sản","pdf_thu_tuc/010_1.115777.pdf","2"
"11","019f5946-d461-7227-875f-c5544505253f","1.115775","Đăng ký biến động thay đổi quyền sử dụng đất, quyền sở hữu tài sản gắn liền với đất do chia, tách, hợp nhất, sáp nhập tổ chức hoặc chuyển đổi mô hình tổ chức, chuyển đổi loại hình doanh nghiệp theo quy định của pháp luật về doanh nghiệp; điều chỉnh quy hoạch xây dựng chi tiết; cấp Giấy chứng nhận cho từng thửa đất theo quy hoạch xây dựng chi tiết cho chủ đầu tư dự án có nhu cầu","pdf_thu_tuc/011_1.115775.pdf","4"
"12","019f5928-fdb9-744c-99dc-ce638cfc9103","1.115774","Đăng ký biến động đối với trường hợp thay đổi quyền sử dụng đất, quyền sở hữu tài sản gắn liền với đất theo thỏa thuận của các thành viên hộ gia đình hoặc của vợ và chồng; quyền sử dụng đất xây dựng công trình trên mặt đất phục vụ cho việc vận hành, khai thác sử dụng công trình ngầm, quyền sở hữu công trình ngầm; bán tài sản, điều chuyển, chuyển nhượng quyền sử dụng đất là tài sản công theo quy định của pháp luật về quản lý, sử dụng tài sản công; nhận quyền sử dụng đất, quyền sở hữu tài sản gắn liền với đất theo kết quả giải quyết tranh chấp, khiếu nại, tố cáo về đất đai hoặc bản án, quyết định của Tòa án, quyết định thi hành án của cơ quan thi hành án đã được thi hành; quyết định hoặc phán quyết của Trọng tài thương mại Việt Nam về giải quyết tranh chấp giữa các bên phát sinh từ hoạt động thương mại liên quan đến đất đai; nhận quyền sử dụng đất, quyền sở hữu tài sản gắn liền với đất do xử lý tài sản thế chấp là quyền sử dụng đất, tài sản gắn liền với đất đã được đăng ký, bao gồm cả xử lý khoản nợ có nguồn gốc từ khoản nợ xấu của tổ chức tín dụng, chi nhánh ngân hàng nước ngoài","pdf_thu_tuc/012_1.115774.pdf","10"
"13","019f5720-cdeb-72eb-a241-706ae3089c2f","1.115619","Đăng ký biến động quyền sử dụng đất, quyền sở hữu tài sản gắn liền với đất trong các trường hợp chuyển đổi quyền sử dụng đất nông nghiệp mà không theo phương án dồn điền, đổi thửa; chuyển nhượng, thừa kế, tặng cho quyền sử dụng đất, quyền sở hữu tài sản gắn liền với đất, góp vốn bằng quyền sử dụng đất, quyền sở hữu tài sản gắn liền với đất; cho thuê, cho thuê lại quyền sử dụng đất trong dự án xây dựng kinh doanh kết cấu hạ tầng; bán hoặc tặng cho hoặc để thừa kế hoặc góp vốn bằng tài sản gắn liền với đất thuê của Nhà nước theo hình thức thuê đất trả tiền hàng năm","pdf_thu_tuc/013_1.115619.pdf","2"
"14","019f5716-eb4b-765c-83cd-9de4c0e71f55","1.115618","Đăng ký, cấp Giấy chứng nhận quyền sử dụng đất, quyền sở hữu tài sản gắn liền với đất cho người nhận chuyển nhượng quyền sử dụng đất, quyền sở hữu nhà ở, công trình xây dựng trong dự án bất động sản","pdf_thu_tuc/014_1.115618.pdf","2"
"15","019f56d8-0fc8-7107-9be0-dba7320c2681","1.115610","Xóa đăng ký thuê, cho thuê lại quyền sử dụng đất trong dự án xây dựng kinh doanh kết cấu hạ tầng","pdf_thu_tuc/015_1.115610.pdf","1"
"16","019f4a07-c468-760b-964c-e6b117200151","1.115671","Đăng ký biến động đối với trường hợp thay đổi quyền sử dụng đất, quyền sở hữu tài sản gắn liền với đất theo thỏa thuận của các thành viên hộ gia đình hoặc của vợ và chồng; quyền sử dụng đất xây dựng công trình trên mặt đất phục vụ cho việc vận hành, khai thác sử dụng công trình ngầm, quyền sở hữu công trình ngầm; bán tài sản, điều chuyển, chuyển nhượng quyền sử dụng đất là tài sản công theo quy định của pháp luật về quản lý, sử dụng tài sản công; nhận quyền sử dụng đất, quyền sở hữu tài sản gắn liền với đất theo kết quả giải quyết tranh chấp, khiếu nại, tố cáo về đất đai hoặc bản án, quyết định của Tòa án, quyết định thi hành án của cơ quan thi hành án đã được thi hành; quyết định hoặc phán quyết của Trọng tài thương mại Việt Nam về giải quyết tranh chấp giữa các bên phát sinh từ hoạt động thương mại liên quan đến đất đai; nhận quyền sử dụng đất, quyền sở hữu tài sản gắn liền với đất do xử lý tài sản thế chấp là quyền sử dụng đất, tài sản gắn liền với đất đã được đăng ký, bao gồm cả xử lý khoản nợ có nguồn gốc từ khoản nợ xấu của tổ chức tín dụng, chi nhánh ngân hàng nước ngoài","pdf_thu_tuc/016_1.115671.pdf","5"
"17","019f4a04-a1a7-75ff-9a38-2d55d24cc1fc","1.115670","Đăng ký biến động thay đổi quyền sử dụng đất, quyền sở hữu tài sản gắn liền với đất do chia, tách, hợp nhất, sáp nhập tổ chức hoặc chuyển đổi mô hình tổ chức, chuyển đổi loại hình doanh nghiệp theo quy định của pháp luật về doanh nghiệp; điều chỉnh quy hoạch xây dựng chi tiết; cấp Giấy chứng nhận cho từng thửa đất theo quy hoạch xây dựng chi tiết cho chủ đầu tư dự án có nhu cầu","pdf_thu_tuc/017_1.115670.pdf","3"
"18","019f49f7-b529-757c-ab2c-e6bfa0e5ce00","1.115668","Đăng ký biến động quyền sử dụng đất, quyền sở hữu tài sản gắn liền với đất trong các trường hợp chuyển đổi quyền sử dụng đất nông nghiệp mà không theo phương án dồn điền, đổi thửa; chuyển nhượng, thừa kế, tặng cho quyền sử dụng đất, quyền sở hữu tài sản gắn liền với đất, góp vốn bằng quyền sử dụng đất, quyền sở hữu tài sản gắn liền với đất; cho thuê, cho thuê lại quyền sử dụng đất trong dự án xây dựng kinh doanh kết cấu hạ tầng; bán hoặc tặng cho hoặc để thừa kế hoặc góp vốn bằng tài sản gắn liền với đất thuê của Nhà nước theo hình thức thuê đất trả tiền hàng năm; chuyển nhượng quyền khai thác khoáng sản","pdf_thu_tuc/018_1.115668.pdf","2"
"19","019f49f4-7bd3-734d-9a21-3459aaa8d6f7","1.115667","Đăng ký, cấp Giấy chứng nhận quyền sử dụng đất, quyền sở hữu tài sản gắn liền với đất cho người nhận chuyển nhượng quyền sử dụng đất, quyền sở hữu nhà ở, công trình xây dựng trong dự án bất động sản","pdf_thu_tuc/019_1.115667.pdf","1"
"20","019f45b0-208f-778c-9e83-204c2466204d","1.115658","Xóa đăng ký thuê, cho thuê lại quyền sử dụng đất trong dự án xây dựng kinh doanh kết cấu hạ tầng","pdf_thu_tuc/020_1.115658.pdf","1"
"21","019f3576-e94a-779d-8592-66ee0a579744","1.115576","Đăng ký biến động thay đổi quyền sử dụng đất, quyền sở hữu tài sản gắn liền với đất do chia, tách, hợp nhất, sáp nhập tổ chức hoặc chuyển đổi mô hình tổ chức, chuyển đổi loại hình doanh nghiệp theo quy định của pháp luật về doanh nghiệp; điều chỉnh quy hoạch xây dựng chi tiết; cấp Giấy chứng nhận cho từng thửa đất theo quy hoạch xây dựng chi tiết cho chủ đầu tư dự án có nhu cầu","pdf_thu_tuc/021_1.115576.pdf","0"
"22","019f2751-b0b6-74f8-807f-a28cfea653a2","1.115574","Đăng ký biến động quyền sử dụng đất, quyền sở hữu tài sản gắn liền với đất trong các trường hợp chuyển đổi quyền sử dụng đất nông nghiệp mà không theo phương án dồn điền, đổi thửa; chuyển nhượng, thừa kế, tặng cho quyền sử dụng đất, quyền sở hữu tài sản gắn liền với đất, góp vốn bằng quyền sử dụng đất, quyền sở hữu tài sản gắn liền với đất; cho thuê, cho thuê lại quyền sử dụng đất trong dự án xây dựng kinh doanh kết cấu hạ tầng; bán hoặc tặng cho hoặc để thừa kế hoặc góp vốn bằng tài sản gắn liền với đất thuê của Nhà nước theo hình thức thuê đất trả tiền hàng năm","pdf_thu_tuc/022_1.115574.pdf","0"
"23","019f2586-57d0-7409-b2dc-5c68d2e06cb8","1.115562","Đăng ký biến động đối với trường hợp thay đổi quyền sử dụng đất, quyền sở hữu tài sản gắn liền với đất theo thỏa thuận của các thành viên hộ gia đình hoặc của vợ và chồng; quyền sử dụng đất xây dựng công trình trên mặt đất phục vụ cho việc vận hành, khai thác sử dụng công trình ngầm, quyền sở hữu công trình ngầm; bán tài sản, điều chuyển, chuyển nhượng quyền sử dụng đất là tài sản công theo quy định của pháp luật về quản lý, sử dụng tài sản công; nhận quyền sử dụng đất, quyền sở hữu tài sản gắn liền với đất theo kết quả giải quyết tranh chấp, khiếu nại, tố cáo về đất đai hoặc bản án, quyết định của Tòa án, quyết định thi hành án của cơ quan thi hành án đã được thi hành; quyết định hoặc phán quyết của Trọng tài thương mại Việt Nam về giải quyết tranh chấp giữa các bên phát sinh từ hoạt động thương mại liên quan đến đất đai; nhận quyền sử dụng đất, quyền sở hữu tài sản gắn liền với đất do xử lý tài sản thế chấp là quyền sử dụng đất, tài sản gắn liền với đất đã được đăng ký, bao gồm cả xử lý khoản nợ có nguồn gốc từ khoản nợ xấu của tổ chức tín dụng, chi nhánh ngân hàng nước ngoài","pdf_thu_tuc/023_1.115562.pdf","0"
"24","019f221c-958e-7657-b2b9-e37a620a46a9","1.115561","Đăng ký, cấp Giấy chứng nhận quyền sử dụng đất, quyền sở hữu tài sản gắn liền với đất cho người nhận chuyển nhượng quyền sử dụng đất, quyền sở hữu nhà ở, công trình xây dựng trong dự án bất động sản","pdf_thu_tuc/024_1.115561.pdf","0"
"25","019f2210-e40e-7029-96d9-9e5bb629d726","1.115542","Đăng ký biến động đối với trường hợp thay đổi quyền sử dụng đất, quyền sở hữu tài sản gắn liền với đất theo thỏa thuận của các thành viên hộ gia đình hoặc của vợ và chồng; quyền sử dụng đất xây dựng công trình trên mặt đất phục vụ cho việc vận hành, khai thác sử dụng công trình ngầm, quyền sở hữu công trình ngầm; bán tài sản, điều chuyển, chuyển nhượng quyền sử dụng đất là tài sản công theo quy định của pháp luật về quản lý, sử dụng tài sản công; nhận quyền sử dụng đất, quyền sở hữu tài sản gắn liền với đất theo kết quả giải quyết tranh chấp, khiếu nại, tố cáo về đất đai hoặc bản án, quyết định của Tòa án, quyết định thi hành án của cơ quan thi hành án đã được thi hành; quyết định hoặc phán quyết của Trọng tài thương mại Việt Nam về giải quyết tranh chấp giữa các bên phát sinh từ hoạt động thương mại liên quan đến đất đai; nhận quyền sử dụng đất, quyền sở hữu tài sản gắn liền với đất do xử lý tài sản thế chấp là quyền sử dụng đất, tài sản gắn liền với đất đã được đăng ký, bao gồm cả xử lý khoản nợ có nguồn gốc từ khoản nợ xấu của tổ chức tín dụng, chi nhánh ngân hàng nước ngoài","pdf_thu_tuc/025_1.115542.pdf","2"
"26","019f2209-6152-70aa-8a03-a2902483a540","1.115541","Đăng ký biến động đối với trường hợp điều chỉnh quy hoạch xây dựng chi tiết; cấp Giấy chứng nhận cho từng thửa đất theo quy hoạch xây dựng chi tiết cho chủ đầu tư dự án có nhu cầu","pdf_thu_tuc/026_1.115541.pdf","2"
"27","019f21f1-2cd2-7449-b89b-3251a729b1a3","5.003859","Thủ tục xây dựng Kế hoạch khảo sát chất lượng sản phẩm, hàng hóa hằng năm","pdf_thu_tuc/027_5.003859.pdf","0"
"28","019f21ee-2083-7240-813c-4ac5c8106f13","5.003858","Thủ tục xây dựng Kế hoạch kiểm tra chất lượng sản phẩm, hàng hóa hằng năm","pdf_thu_tuc/028_5.003858.pdf","0"
"29","019f21e8-0b26-7654-886c-27410ac5092f","1.115552","Xóa đăng ký thuê, cho thuê lại quyền sử dụng đất trong dự án xây dựng kinh doanh kết cấu hạ tầng","pdf_thu_tuc/029_1.115552.pdf","0"
"30","019f21e7-083f-768d-94f0-f1e53afe5e35","5.003856","Thủ tục xây dựng Danh mục sản phẩm, hàng hóa có mức độ rủi ro trung bình, mức độ rủi ro cao","pdf_thu_tuc/030_5.003856.pdf","0"
"31","019f21a3-43a7-70d9-afed-4887d7a7777a","1.115538","Thủ tục: Đăng ký biến động quyền sử dụng đất, quyền sở hữu tài sản gắn liền với đất trong các trường hợp chuyển đổi quyền sử dụng đất nông nghiệp; chuyển nhượng, thừa kế, tặng cho quyền sử dụng đất, quyền sở hữu tài sản gắn liền với đất, góp vốn bằng quyền sử dụng đất, quyền sở hữu tài sản gắn liền với đất; cho thuê, cho thuê lại quyền sử dụng đất trong dự án xây dựng kinh doanh kết cấu hạ tầng; tặng cho quyền sử dụng đất cho Nhà nước hoặc cộng đồng dân cư hoặc mở rộng đường giao thông","pdf_thu_tuc/031_1.115538.pdf","3"
"32","019f2130-b4ee-74cd-85c2-1c291d4f61b3","1.115407","Kiểm tra chất lượng hàng hóa vật liệu xây dựng nhập khẩu có mức độ rủi ro cao","pdf_thu_tuc/032_1.115407.pdf","1"
"33","019f20a3-4748-72fd-b2f9-6fd561d1ebc8","1.115533","Xóa đăng ký thuê, cho thuê lại quyền sử dụng đất trong dự án xây dựng kinh doanh kết cấu hạ tầng","pdf_thu_tuc/033_1.115533.pdf","1"
"34","019f1b59-df50-709d-871b-877c79db6136","1.115523","Đăng ký, cấp Giấy chứng nhận quyền sử dụng đất, quyền sở hữu tài sản gắn liền với đất cho người nhận chuyển nhượng quyền sử dụng đất, quyền sở hữu nhà ở, công trình xây dựng trong dự án bất động sản","pdf_thu_tuc/034_1.115523.pdf","2"
"35","019f1763-8980-7418-9185-b5168b12c46a","1.115392","Thẩm duyệt thiết kế về phòng cháy và chữa cháy (trường hợp điều chỉnh thiết kế trong quá trình thi công đối với dự án đầu tư xây dựng công trình, công trình đã được cơ quan Công an cấp Giấy chứng nhận thẩm duyệt thiết kế về phòng cháy và chữa cháy mà chưa được chấp thuận kết quả nghiệm thu)","pdf_thu_tuc/035_1.115392.pdf","0"
"36","019f1681-0ec2-72f9-a55f-b81cd1fb36fd","1.115470","Đăng ký biến động đối với trường hợp thay đổi quyền sử dụng đất, quyền sở hữu tài sản gắn liền với đất theo thỏa thuận của các thành viên hộ gia đình hoặc của vợ và chồng; quyền sử dụng đất xây dựng công trình trên mặt đất phục vụ cho việc vận hành, khai thác sử dụng công trình ngầm, quyền sở hữu công trình ngầm; bán tài sản, điều chuyển, chuyển nhượng quyền sử dụng đất là tài sản công theo quy định của pháp luật về quản lý, sử dụng tài sản công; nhận quyền sử dụng đất, quyền sở hữu tài sản gắn liền với đất theo kết quả giải quyết tranh chấp, khiếu nại, tố cáo về đất đai hoặc bản án, quyết định của Tòa án, quyết định thi hành án của cơ quan thi hành án đã được thi hành; quyết định hoặc phán quyết của Trọng tài thương mại Việt Nam về giải quyết tranh chấp giữa các bên phát sinh từ hoạt động thương mại liên quan đến đất đai; nhận quyền sử dụng đất, quyền sở hữu tài sản gắn liền với đất do xử lý tài sản thế chấp là quyền sử dụng đất, tài sản gắn liền với đất đã được đăng ký, bao gồm cả xử","pdf_thu_tuc/036_1.115470.pdf","5"
"37","019f1679-83ee-71de-90ac-b011551fdd54","1.115469","Đăng ký biến động thay đổi quyền sử dụng đất, quyền sở hữu tài sản gắn liền với đất do chia, tách, hợp nhất, sáp nhập tổ chức hoặc chuyển đổi mô hình tổ chức, chuyển đổi loại hình doanh nghiệp theo quy định của pháp luật về doanh nghiệp; điều chỉnh quy hoạch xây dựng chi tiết; cấp Giấy chứng nhận cho từng thửa đất theo quy hoạch xây dựng chi tiết cho chủ đầu tư dự án có nhu cầu","pdf_thu_tuc/037_1.115469.pdf","3"
"38","019f1670-20cd-712b-b05b-59235ae8a21b","1.115468","Đăng ký biến động quyền sử dụng đất, quyền sở hữu tài sản gắn liền với đất trong các trường hợp chuyển đổi quyền sử dụng đất nông nghiệp mà không theo phương án dồn điền, đổi thửa; chuyển nhượng, thừa kế, tặng cho quyền sử dụng đất, quyền sở hữu tài sản gắn liền với đất, góp vốn bằng quyền sử dụng đất, quyền sở hữu tài sản gắn liền với đất; cho thuê, cho thuê lại quyền sử dụng đất trong dự án xây dựng kinh doanh kết cấu hạ tầng; bán hoặc tặng cho hoặc để thừa kế hoặc góp vốn bằng tài sản gắn liền với đất thuê của Nhà nước theo hình thức thuê đất trả tiền hàng năm; mua bán nhà ở có thời hạn","pdf_thu_tuc/038_1.115468.pdf","1"
"39","019f1667-5ff6-76ba-aa01-f64e930ecbb8","1.115467","Đăng ký, cấp Giấy chứng nhận quyền sử dụng đất, quyền sở hữu tài sản gắn liền với đất cho người nhận chuyển nhượng quyền sử dụng đất, quyền sở hữu nhà ở, công trình xây dựng trong dự án bất động sản","pdf_thu_tuc/039_1.115467.pdf","1"
"40","019f135c-5bdc-737c-800d-cfe4ec2cdade","1.115369","Đăng ký biến động đối với trường hợp thay đổi quyền sử dụng đất, quyền sở hữu tài sản gắn liền với đất theo thỏa thuận của các thành viên hộ gia đình hoặc của vợ và chồng; quyền sử dụng đất xây dựng công trình trên mặt đất phục vụ cho việc vận hành, khai thác sử dụng công trình ngầm, quyền sở hữu công trình ngầm; bán tài sản, điều chuyển, chuyển nhượng quyền sử dụng đất là tài sản công theo quy định của pháp luật về quản lý, sử dụng tài sản công; nhận quyền sử dụng đất, quyền sở hữu tài sản gắn liền với đất theo kết quả giải quyết tranh chấp, khiếu nại, tố cáo về đất đai hoặc bản án, quyết định của Tòa án, quyết định thi hành án của cơ quan thi hành án đã được thi hành; quyết định hoặc phán quyết của Trọng tài thương mại Việt Nam về giải quyết tranh chấp giữa các bên phát sinh từ hoạt động thương mại liên quan đến đất đai; nhận quyền sử dụng đất, quyền sở hữu tài sản gắn liền với đất do xử lý tài sản thế chấp là quyền sử dụng đất, tài sản gắn liền với đất đã được đăng ký, bao gồm cả xử lý tài sản thế chấp là quyền sử dụng đất, tài sản gắn liền với đất đã được đăng ký, bao gồm cả xử lý khoản nợ có nguồn gốc từ khoản nợ xấu của tổ chức tín dụng, chi nhánh ngân hàng nước ngoài","pdf_thu_tuc/040_1.115369.pdf","9"
"41","019f131b-1378-75b6-bc98-f48fffd55812","1.115362","Đăng ký biến động quyền sử dụng đất, quyền sở hữu tài sản gắn liền với đất trong các trường hợp chuyển đổi quyền sử dụng đất nông nghiệp mà không theo phương án dồn điền, đổi thửa; chuyển nhượng, thừa kế, tặng cho quyền sử dụng đất, quyền sở hữu tài sản gắn liền với đất, góp vốn bằng quyền sử dụng đất, quyền sở hữu tài sản gắn liền với đất; cho thuê, cho thuê lại quyền sử dụng đất trong dự án xây dựng kinh doanh kết cấu hạ tầng; bán hoặc tặng cho hoặc để thừa kế hoặc góp vốn bằng tài sản gắn liền với đất thuê của Nhà nước theo hình thức thuê đất trả tiền hàng năm","pdf_thu_tuc/041_1.115362.pdf","2"
"42","019f12f6-9c16-764d-a935-d8e6aadfdb84","1.115356","Đăng ký biến động thay đổi quyền sử dụng đất, quyền sở hữu tài sản gắn liền với đất do chia, tách, hợp nhất, sáp nhập tổ chức hoặc chuyển đổi mô hình tổ chức, chuyển đổi loại hình doanh nghiệp theo quy định của pháp luật về doanh nghiệp; điều chỉnh quy hoạch xây dựng chi tiết; cấp Giấy chứng nhận cho từng thửa đất theo quy hoạch xây dựng chi tiết cho chủ đầu tư dự án có nhu cầu","pdf_thu_tuc/042_1.115356.pdf","4"
"43","019f12d6-674e-7649-8eb1-e25bd310bcfe","1.115351","Xóa đăng ký thuê, cho thuê lại quyền sử dụng đất trong dự án xây dựng kinh doanh kết cấu hạ tầng","pdf_thu_tuc/043_1.115351.pdf","1"
"44","019f129a-393a-722f-8fc0-eb85b16c5f74","1.115346","Đăng ký, cấp Giấy chứng nhận quyền sử dụng đất, quyền sở hữu tài sản gắn liền với đất cho người nhận chuyển nhượng quyền sử dụng đất, quyền sở hữu nhà ở, công trình xây dựng trong dự án bất động sản","pdf_thu_tuc/044_1.115346.pdf","2"
"45","019f124d-3c92-76ea-bcf5-c70a051f694c","1.115456","Xóa đăng ký thuê, cho thuê lại quyền sử dụng đất trong dự án xây dựng kinh doanh kết cấu hạ tầng","pdf_thu_tuc/045_1.115456.pdf","1"
"46","019efced-38f5-741c-9660-8a9ea8a59adf","1.115244","Cấp lại giấy phép xây dựng công trình trên đất nông nghiệp tại các vùng sản xuất nông nghiệp tập trung","pdf_thu_tuc/046_1.115244.pdf","1"
"47","019efcd4-c579-7490-91cc-39d538a137c5","1.115243","Gia hạn giấy phép xây dựng công trình trên đất nông nghiệp tại các vùng sản xuất nông nghiệp tập trung","pdf_thu_tuc/047_1.115243.pdf","1"
"48","019efccc-0df7-722d-b407-650745f8ccd4","1.115242","Cấp Giấy phép xây dựng công trình trên đất nông nghiệp tại các vùng sản xuất nông nghiệp tập trung.","pdf_thu_tuc/048_1.115242.pdf","1"
"49","019ef8fb-dbb2-73cb-b045-de3b58fab371","1.115283","Đăng ký biến động đối với trường hợp cho thuê, cho thuê lại quyền sử dụng đất trong dự án xây dựng kinh doanh kết cấu hạ tầng với đăng ký quyền sở hữu tài sản gắn liền với thửa đất.","pdf_thu_tuc/049_1.115283.pdf","1"
"50","019ef8d6-c792-7758-a9c7-cac102a0fb3f","1.115266","Cấp Giấy chứng nhận quyền sử dụng đất, quyền sở hữu tài sản gắn liền với đất theo quy hoạch xây dựng chi tiết hoặc điều chỉnh quy hoạch xây dựng chi tiết quy định tại khoản 3 Điều 23 Nghị định số 101/2024/NĐ-CP của Chính phủ quy định về điều tra cơ bản; đăng ký, cấp Giấy chứng nhận quyền sử dụng đất, quyền sở hữu tài sản gắn liền với đất và Hệ thống thông tin đất đai.","pdf_thu_tuc/050_1.115266.pdf","1"
"51","019ef8d3-4711-72ad-8f13-81afb587b0f9","1.115263","Đăng ký biến động đối với trường hợp có sự thay đổi về quyền sử dụng đất xây dựng công trình trên mặt đất phục vụ cho việc vận hành, khai thác sử dụng công trình ngầm, quyền sở hữu công trình ngầm.","pdf_thu_tuc/051_1.115263.pdf","1"
"52","019ef8c1-83e2-735b-81a3-dcab6c947ff2","1.115254","Đăng ký biến động đối với trường hợp xóa đăng ký thuê, cho thuê lại quyền sử dụng đất trong dự án xây dựng kinh doanh kết cấu hạ tầng.","pdf_thu_tuc/052_1.115254.pdf","1"
"53","019ef8be-f5ed-777b-b891-d09b9eb88c88","1.115253","Đăng ký biến động đối với trường hợp cho thuê, cho thuê lại quyền sử dụng đất trong dự án xây dựng kinh doanh kết cấu hạ tầng.","pdf_thu_tuc/053_1.115253.pdf","1"
"54","019ef8a5-e6df-76bf-884d-c093cdca9c85","1.115249","Đăng ký, cấp Giấy chứng nhận quyền sử dụng đất, quyền sở hữu tài sản gắn liền với đất cho người nhận chuyển nhượng quyền sử dụng đất, quyền sở hữu nhà ở, công trình xây dựng trong dự án bất động sản.","pdf_thu_tuc/054_1.115249.pdf","1"
"55","019ef39c-56f0-7149-870a-bea494aabfca","1.115241","Đăng ký biến động quyền sử dụng đất, quyền sở hữu tài sản gắn liền với đất trong các trường hợp chuyển đổi quyền sử dụng đất nông nghiệp mà không theo phương án dồn điền, đổi thửa; chuyển nhượng, thừa kế, tặng cho quyền sử dụng đất, quyền sở hữu tài sản gắn liền với đất, góp vốn bằng quyền sử dụng đất, quyền sở hữu tài sản gắn liền với đất; cho thuê, cho thuê lại quyền sử dụng đất trong dự án xây dựng kinh doanh kết cấu hạ tầng; bán hoặc tặng cho hoặc để thừa kế hoặc góp vốn bằng tài sản gắn liền với đất thuê của Nhà nước theo hình thức thuê đất trả tiền hàng năm; chuyển quyền khai thác khoáng sản theo quy định của pháp luật về địa chất và khoáng sản","pdf_thu_tuc/055_1.115241.pdf","1"
"56","019ef2a4-a750-746f-92df-985f20e22dd3","1.115227","Đăng ký biến động đối với trường hợp thay đổi quyền sử dụng đất, quyền sở hữu tài sản gắn liền với đất theo thỏa thuận của các thành viên hộ gia đình hoặc của vợ và chồng; quyền sử dụng đất xây dựng công trình trên mặt đất phục vụ cho việc vận hành, khai thác sử dụng công trình ngầm, quyền sở hữu công trình ngầm; bán tài sản, điều chuyển, chuyển nhượng quyền sử dụng đất là tài sản công theo quy định của pháp luật về quản lý, sử dụng tài sản công; nhận quyền sử dụng đất, quyền sở hữu tài sản gắn liền với đất theo kết quả giải quyết tranh chấp, khiếu nại, tố cáo về đất đai hoặc bản án, quyết định của Tòa án, quyết định thi hành án của cơ quan thi hành án đã được thi hành; quyết định hoặc phán quyết của Trọng tài thương mại Việt Nam về giải quyết tranh chấp giữa các bên phát sinh từ hoạt động thương mại liên quan đến đất đai; nhận quyền sử dụng đất, quyền sở hữu tài sản gắn liền với đất do xử lý tài sản thế chấp là quyền sử dụng đất, tài sản gắn liền với đất đã được đăng ký","pdf_thu_tuc/056_1.115227.pdf","5"
"57","019eeeac-c57a-7563-bb32-bd6e492f8faf","1.115208","Đăng ký biến động thay đổi quyền sử dụng đất, quyền sở hữu tài sản gắn liền với đất do chia, tách, hợp nhất, sáp nhập tổ chức hoặc chuyển đổi mô hình tổ chức, chuyển đổi loại hình doanh nghiệp theo quy định của pháp luật về doanh nghiệp; điều chỉnh quy hoạch xây dựng chi tiết; cấp Giấy chứng nhận cho từng thửa đất theo quy hoạch xây dựng chi tiết cho chủ đầu tư dự án có nhu cầu","pdf_thu_tuc/057_1.115208.pdf","3"
"58","019eee90-8a31-75bc-87d1-4c0af3ed1060","1.115204","Đăng ký, cấp giấy chứng nhận quyền sử dụng đất, quyền sở hữu tài sản gắn liền với đất cho người nhận chuyển nhượng quyền sử dụng đất, quyền sở hữu nhà ở, công trình xây dựng trong dự án bất động sản","pdf_thu_tuc/058_1.115204.pdf","2"
"59","019eee2b-6a45-748f-a52e-c5d310e31f12","1.115196","Xóa đăng ký thuê, cho thuê lại quyền sử dụng đất trong dự án xây dựng kinh doanh kết cấu hạ tầng","pdf_thu_tuc/059_1.115196.pdf","1"
"60","019eddd2-e472-7039-98e5-79c557f809d7","5.003813","Lập Kế hoạch xây dựng tiêu chuẩn quốc gia (TCVN) năm năm và hằng năm","pdf_thu_tuc/060_5.003813.pdf","0"
"61","019e63bb-478f-734e-b354-4320cf00730e","1.115151"," Thủ tục bán, cho thuê mua, cho thuê nhà ở cho lực lượng vũ trang nhân dân được đầu tư xây dựng không bằng vốn đầu tư công","pdf_thu_tuc/061_1.115151.pdf","1"
"62","019e4500-3adb-735c-a722-b7359babf7e4","1.115150","Thủ tục bán, cho thuê mua, cho thuê nhà ở xã hội được đầu tư xây dựng theo dự án và không sử dụng vốn đầu tư công, nguồn tài chính công đoàn","pdf_thu_tuc/062_1.115150.pdf","5"
"63","019dff55-5264-732f-b42f-c4c897c5622e","5.003810","Cho ý kiến thống nhất hoặc đóng góp ý kiến đối với các quy hoạch ngành quốc gia, quy hoạch có tính chất kỹ thuật, chuyên ngành, kế hoạch thực hiện quy hoạch do các Bộ, ngành, địa phương đề nghị Bộ Xây dựng thống nhất hoặc đóng góp ý kiến theo phân công của Bộ trưởng Bộ Xây dựng","pdf_thu_tuc/063_5.003810.pdf","0"
"64","019dfdf2-0dbe-73d9-bfac-b413bc49349f","6.003625","Quyết định đầu tư và quyết định chủ đầu tư dự án đầu tư xây dựng nhà ở công vụ thuộc địa phương quản lý","pdf_thu_tuc/064_6.003625.pdf","0"
"65","019dfdf1-4bf8-771f-a257-72d9b2506683","6.003635","Chuyển đổi công năng nhà ở đối với nhà ở công vụ không xây dựng theo dự án hoặc nhà ở cũ thuộc tài sản công thuộc thẩm quyền chấp thuận của Uỷ ban nhân dân cấp tỉnh","pdf_thu_tuc/065_6.003635.pdf","0"
"66","019dfded-fe43-765f-8fdc-ec94313dba3e","6.003624","	Quyết định chủ trương đầu tư dự án đầu tư xây dựng nhà ở công vụ thuộc địa phương quản lý","pdf_thu_tuc/066_6.003624.pdf","0"
"67","019dfdce-62ac-7349-b2b6-f4cf603d4da1","5.002578","	Quyết định đầu tư và quyết định chủ đầu tư dự án đầu tư xây dựng nhà ở công vụ thuộc cơ quan trung ương quản lý","pdf_thu_tuc/067_5.002578.pdf","0"
"68","019dfdc7-69a9-772b-b626-67af4b28346b","5.002577","Quyết định chủ trương đầu tư dự án đầu tư xây dựng nhà ở công vụ thuộc cơ quan trung ương quản lý ","pdf_thu_tuc/068_5.002577.pdf","0"
"69","019dfd3e-682a-7033-b438-ace2750ca28a","6.005715","Thủ tục hủy bỏ quyết định tặng danh hiệu thi đua, hình thức khen thưởng và thu hồi hiện vật, tiền thưởng đối với danh hiệu thi đua, hình thức khen thưởng thuộc thẩm quyền của Bộ Xây dựng và cơ quan, đơn vị thuộc bộ

","pdf_thu_tuc/069_6.005715.pdf","0"
"70","019dfd39-f9bc-716a-9291-5f7f029f69d9","6.005714","Thủ tục cấp đổi, cấp lại hiện vật khen thưởng thuộc thẩm quyền của Bộ trưởng Bộ Xây dựng","pdf_thu_tuc/070_6.005714.pdf","3"
"71","019dfd33-32dd-76cc-815b-edcf0b2fc72d","6.005713","Thủ tục đề nghị xét tặng Giấy khen của thủ trưởng các cơ quan, đơn vị có tư cách pháp nhân thuộc Bộ Xây dựng","pdf_thu_tuc/071_6.005713.pdf","5"
"72","019dfd1d-7921-76d7-9c82-0a209d411f39","6.005708","Thủ tục đề nghị xét tặng danh hiệu Chiến sĩ thi đua Bộ Xây dựng","pdf_thu_tuc/072_6.005708.pdf","3"
"73","019dfd0e-8a44-71b4-a49d-0c90d86abdb7","6.005712","Thủ tục đề nghị xét tặng Bức trướng của Bộ Xây dựng","pdf_thu_tuc/073_6.005712.pdf","3"
"74","019dfd01-90e4-71d4-a14f-02b2d2324707","6.005707","Thủ tục đề nghị xét tặng Bằng khen của Bộ Xây dựng","pdf_thu_tuc/074_6.005707.pdf","5"
"75","019dfcdd-b27e-76de-86cb-65e61813720c","6.005704","Thủ tục đề nghị xét tặng danh hiệu Cờ thi đua của Bộ Xây dựng","pdf_thu_tuc/075_6.005704.pdf","3"
"76","019df267-2970-723a-88a9-d44fcb678485","6.001432","Xây dựng kế hoạch phát triển nhà ở cấp tỉnh","pdf_thu_tuc/076_6.001432.pdf","0"
"77","019df263-0468-75b4-ac40-ce151c3de74c","3.000555","Thủ tục Hỗ trợ xây dựng mới nhà ở (theo khung mẫu thiết kế) trong vùng lõi Di sản văn hóa và thiên nhiên thế giới Quần thể danh thắng Tràng An","pdf_thu_tuc/077_3.000555.pdf","1"
"78","019df258-3181-77a2-b7a9-0e57cf0a3482","6.001430","Xây dựng chương trình phát triển nhà ở cấp tỉnh","pdf_thu_tuc/078_6.001430.pdf","0"
"79","019df247-a369-752b-b581-218b82ce4d56","3.000552","Thủ tục Hỗ trợ đầu tư xây dựng mới hoặc nâng cấp, cải tạo loại hình nhà ở có phòng cho khách du lịch thuê (gọi theo tiếng Anh là homestay)","pdf_thu_tuc/079_3.000552.pdf","0"
"80","019df1ec-0ee8-715b-918c-87e5386c1c6c","6.003636","Chấp thuận nhà đầu tư dự án cải tạo, xây dựng lại nhà chung cư đối với trường hợp có 01 nhà đầu tư quan tâm đáp ứng điều kiện theo quy định của Chính phủ","pdf_thu_tuc/080_6.003636.pdf","0"
"81","019df1dd-3b35-747d-b5e6-8e205433988a","6.003634","Chuyển đổi công năng nhà ở đối với nhà ở xây dựng trong dự án được đầu tư bằng nguồn vốn đầu tư công thuộc thẩm quyền chấp thuận của UBND cấp tỉnh","pdf_thu_tuc/081_6.003634.pdf","0"
"82","019dd874-5145-778c-813d-5cc88f0aafbf","6.003622","Trình Thủ tướng Chính phủ cho phép chuyển đổi công năng đối với nhà ở
được đầu tư xây dựng bằng nguồn vốn đầu tư công quy định tại các điểm a,
điểm b khoản 1 Điều 57 của Nghị định số 95/2024/NĐ-CP","pdf_thu_tuc/082_6.003622.pdf","0"
"83","019dc4c7-80d9-7440-bd60-04351163dd9a","1.014379","Hỗ trợ kinh phí xây dựng phòng học mới đối với giáo dục mầm non","pdf_thu_tuc/083_1.014379.pdf","0"
"84","019dc4b2-ba80-776c-849b-2eaadee0c605","1.014378","Hỗ trợ đầu tư xây dựng nhà máy chế biến sản phẩm cây ăn quả có múi","pdf_thu_tuc/084_1.014378.pdf","0"
"85","019dc4a6-4dd3-748b-bea4-34ed6f1f9999","1.014472","Phê duyệt dự án, kế hoạch liên kết trong các ngành, nghề, lĩnh vực khác không thuộc lĩnh vực sản xuất, tiêu thụ sản phẩm nông nghiệp thuộc các Chương trình mục tiêu quốc gia: Giảm nghèo bền vững, Xây dựng nông thôn mới","pdf_thu_tuc/085_1.014472.pdf","0"
"86","019dc45b-6b6b-76fc-949b-dd274ffa31b7","1.011734","Hỗ trợ xây dựng trạm dừng chân du lịch","pdf_thu_tuc/086_1.011734.pdf","0"
"87","019dc457-9601-719e-861c-ee387b89c0a3","1.011735","Hỗ trợ xây dựng sản phẩm du lịch mạo hiểm","pdf_thu_tuc/087_1.011735.pdf","0"
"88","019dbd96-088e-74a9-9877-cf19204905ca","1.009122","Cấp giấy phép xây dựng có thời hạn đối với công trình, nhà ở riêng lẻ (công trình cấp III, cấp IV)","pdf_thu_tuc/088_1.009122.pdf","3"
"89","019dbd5a-299b-70f7-b01d-44aabd571277","6.006572","Phê duyệt kế hoạch bảo trì công trình hàng hải hàng năm do Bộ Xây dựng quản lý","pdf_thu_tuc/089_6.006572.pdf","0"
"90","019dbd54-8bc6-7158-86c6-bba5994f5f05","6.006573","Phê duyệt điều chỉnh, bổ sung kế hoạch bảo trì công trình hàng hải do Bộ Xây dựng quản lý","pdf_thu_tuc/090_6.006573.pdf","0"
"91","019dbd51-b7fd-74b8-bb9b-e0df7385a3ad","6.003494","Công bố quyết định Lệnh xây dựng công trình khẩn cấp đối với đường quốc lộ, đường bộ cao tốc thuộc trách nhiệm quản lý, bảo trì của Bộ Xây dựng","pdf_thu_tuc/091_6.003494.pdf","0"
"92","019dbb19-bcb7-76fe-802c-0913026eab44","1.013316","Cấp Giấy phép xây dựng có thời hạn đối với các công trình công cộng bao gồm nhà để xe, bãi để xe, nhà vệ sinh công cộng trên đất do Nhà nước quản lý (theo thẩm quyền quy định tại khoản 2, Điều 4 Nghị quyết 62/2024/NQ-HĐND ngày 13 tháng 12 năm 2024)","pdf_thu_tuc/092_1.013316.pdf","1"
"93","019dbb0e-569c-735b-a49a-981c83297a12","1.013315","Cấp Giấy phép xây dựng có thời hạn đối với các công trình công cộng bao gồm nhà để xe, bãi để xe, nhà vệ sinh công cộng trên đất do Nhà nước quản lý (theo thẩm quyền quy định tại khoản 1, Điều 4 Nghị quyết 62/2024/NQ-HĐND ngày 13 tháng 12 năm 2024)","pdf_thu_tuc/093_1.013315.pdf","1"
"94","019dbb07-954d-735c-a166-8a48e616acbf","1.014053","Kiểm tra công tác nghiệm thu hoàn thành công trình của cơ quan được giao quản lý xây dựng thuộc UBND cấp xã","pdf_thu_tuc/094_1.014053.pdf","0"
"95","019db132-b848-7458-9fcd-f8b099d2ab06","1.014413","Cấp phép thi công nút giao đấu nối vào đường tỉnh, đường đô thị và đường khác do Sở Xây dựng quản lý","pdf_thu_tuc/095_1.014413.pdf","0"
"96","019db12a-9fda-72cf-87ac-ca2881ef0e27","1.014412","Chấp thuận thiết kế nút giao đấu nối vào đường tỉnh, đường đô thị và đường khác do Sở Xây dựng quản lý","pdf_thu_tuc/096_1.014412.pdf","0"
"97","019daad0-7e3c-7458-8465-79c8f63e4622","1.014515","Cấp giấy phép đối với hoạt động xây dựng công trình theo dự án đầu tư do Thủ tướng Chính phủ phê duyệt theo quy định tại khoản 4 Điều 26 của Luật Đê điều ngày 29 tháng 11 năm 2006","pdf_thu_tuc/097_1.014515.pdf","0"
"98","019daace-b67b-741b-b253-4f5c0197a66a","1.014514","Cấp giấy phép đối với hoạt động xây dựng công trình quốc phòng, an ninh, công trình giao thông (trừ trường hợp cấp phép cho hoạt động bến thủy nội địa), thủy lợi, công trình ngầm phục vụ phát triển kinh tế - xã hội, hệ thống giếng khai thác nước ngầm, trạm bơm, âu thuyền.","pdf_thu_tuc/098_1.014514.pdf","0"
"99","019daacc-1110-754c-a3a0-f6382cf07f95","1.014496","Cấp giấy phép đối với hoạt động xây dựng công trình ngầm; khoan, đào để khai thác nước ngầm trong phạm vi 1 Km (kilômét) tính từ biên ngoài của phạm vi bảo vệ đê điều","pdf_thu_tuc/099_1.014496.pdf","0"
"100","019daac5-e432-71cc-b71d-b38c0f09ad88","1.014495","Cấp giấy phép đối với hoạt động xây dựng cống qua đê; xây dựng công trình đặc biệt trong phạm vi bảo vệ đê điều, bãi sông, lòng sông","pdf_thu_tuc/100_1.014495.pdf","0"
"101","019daaaf-1fef-718a-aa19-bee7f83625ba","1.014493","Cấp giấy phép đối với hoạt động cắt xẻ đê để xây dựng công trình trong phạm vi bảo vệ đê điều","pdf_thu_tuc/101_1.014493.pdf","0"
"102","019daa50-2cd8-77ec-ae77-9253ab3632c3","6.003502","Thẩm định, phê duyệt hồ sơ hoàn thành khắc phục hậu quả thiên tai, xử lý ùn tắc, bảo đảm giao thông; hồ sơ hoàn thành dự án khẩn cấp phòng, chống, khắc phục hậu quả thiên tai đối với đường quốc lộ, đường cao tốc thuộc thẩm quyền của Bộ Xây dựng","pdf_thu_tuc/102_6.003502.pdf","0"
"103","019da4f6-bcca-71ee-9f39-56df65f47da3","1.015018","Hỗ trợ xây dựng nhà màng, nhà lưới để sản xuất một số loại cây trồng có giá trị kinh tế cao (áp dụng cho sản xuất rau, hoa không dùng đất: giá thể, thủy canh hoặc khí canh) (Thực hiện theo Điều 9 Nghị quyết số 53/2025/NQ-HĐND ngày 26/11/2025)
","pdf_thu_tuc/103_1.015018.pdf","0"
"104","019d9a43-5dbe-771b-b957-20f811b25127","1.014398","Thủ tục cấp phép xây dựng hạ tầng trạm thu phát sóng viễn thông","pdf_thu_tuc/104_1.014398.pdf","1"
"105","019d9470-d602-74af-bda4-ba78a71b3f07","1.014913","Kiểm tra chất lượng hàng hóa vật liệu xây dựng nhóm 2 nhập khẩu","pdf_thu_tuc/105_1.014913.pdf","1"
"106","019d9450-f9fc-7117-a6da-0e16ffa162af","3.000536","Thủ tục chấp thuận địa điểm, quy mô xây dựng và thời gian tồn tại của công trình tạm phục vụ mục đích sử dụng cho việc tổ chức các sự kiện hoặc hoạt động khác","pdf_thu_tuc/106_3.000536.pdf","0"
"107","019d9442-74fc-704f-8fc8-6455f13cf884","3.000535","Thủ tục chấp thuận tiếp tục khai thác, sử dụng công trình tạm phục vụ mục đích thi công xây dựng công trình chính","pdf_thu_tuc/107_3.000535.pdf","0"
"108","019d89d3-1fea-70dc-862c-e608fabc0263","1.014325","Xây dựng chương trình công tác của Ủy ban nhân dân tỉnh, Chủ tịch, Phó Chủ tịch Ủy ban nhân dân tỉnh","pdf_thu_tuc/108_1.014325.pdf","0"
"109","019d80c8-1052-709e-be3f-b023741838f3","1.014509","Thủ tục hỗ trợ xây dựng bãi đỗ xe tại khu, điểm du lịch","pdf_thu_tuc/109_1.014509.pdf","0"
"110","019d806e-fc92-750b-bec7-0b93b2e2a49f","1.014507","Thủ tục hỗ trợ xây dựng mới nhà vệ sinh công cộng tại khu, điểm du lịch","pdf_thu_tuc/110_1.014507.pdf","0"
"111","019d8067-7409-7147-a841-890ae9e1a052","1.014506","Thủ tục hỗ trợ xây dựng mới Nhà đón khách, trưng bày, mua sắm sản phẩm du lịch, sản phẩm nông nghiệp, nông thôn tại khu, điểm du lịch","pdf_thu_tuc/111_1.014506.pdf","0"
"112","019d8055-61c7-7609-8c75-b02e23f8a7c8","1.014505","Thủ tục hỗ trợ xây dựng mới hoặc nâng cấp, cải tạo loại hình nhà ở có phòng cho khách du lịch thuê (tiếng Anh là homestay) tại khu, điểm du lịch","pdf_thu_tuc/112_1.014505.pdf","0"
"113","019d7ce1-28c6-71a8-81ec-3fbe2eabed81","1.014584","Quyết định hỗ trợ xây dựng cơ sở chế biến nông sản","pdf_thu_tuc/113_1.014584.pdf","0"
"114","019d7cbe-6e07-70dd-8855-76401cecc496","1.014521","Thủ tục hỗ trợ xây dựng bãi đỗ xe tại khu vực điểm du lịch cộng đồng","pdf_thu_tuc/114_1.014521.pdf","0"
"115","019d7cbc-6aac-708f-8445-469fd0d342f2","1.014518","Thủ tục hỗ trợ đầu tư xây dựng nhà đón khách, trưng bày sản phẩm du lịch, sản phẩm nông nghiệp, nông thôn","pdf_thu_tuc/115_1.014518.pdf","0"
"116","019d7ca9-a406-774e-98e1-a4e63b9b9819","1.014519","Thủ tục hỗ trợ xây dựng nhà vệ sinh công cộng tại điểm du lịch cộng đồng","pdf_thu_tuc/116_1.014519.pdf","0"
"117","019d7c74-f1ec-7469-bced-e9178d3beb91","1.011996","Hỗ trợ xây dựng và phát triển thương hiệu trên địa bàn tỉnh Bắc Ninh","pdf_thu_tuc/117_1.011996.pdf","3"
"118","019d7c53-64ce-77e9-9d59-d33b0a9b0a17","1.014593","Hỗ trợ xây dựng cơ sở sơ chế, bảo quản giống, bảo quản nông sản, sản phẩm OCOP; xây dựng trang trại; phát triển ngành nghề nông thôn","pdf_thu_tuc/118_1.014593.pdf","0"
"119","019d7c4b-7bfe-727b-ad8c-b602b78802df","1.014594","Phê duyệt phương án, dự án hỗ trợ xây dựng cơ sở chế biến nông sản","pdf_thu_tuc/119_1.014594.pdf","0"
"120","019d7817-ef9a-746f-8a36-686739c1e703","1.014792","Chấp thuận về địa điểm, quy mô xây dựng công trình và thời gian tồn tại của công trình tạm ","pdf_thu_tuc/120_1.014792.pdf","0"
"121","019d7652-8edf-748f-bd50-94c79f706f5c","1.014867","Đề nghị chấp thuận cấp phép thi công nút giao đấu nối vào đường bộ đang khai thác do Sở Xây dựng quản lý","pdf_thu_tuc/121_1.014867.pdf","1"
"122","019d7642-8b1f-710f-a464-4030591db6d9","1.014866","Đề nghị chấp thuận thiết kế nút giao đấu nối vào đường bộ đang khai thác do Sở Xây dựng quản lý","pdf_thu_tuc/122_1.014866.pdf","1"
"123","019d763f-c1f2-755e-ae34-f1a4dd83d952","1.014868","Chấp thuận xây dựng nút giao đấu nối vào tuyến đường do Ủy ban nhân dân các xã, phường quản lý","pdf_thu_tuc/123_1.014868.pdf","0"
"124","019d2bfe-a075-77cb-b516-c082b8990ff0","3.000507","Thủ tục chấp thuận chủ trương đầu tư đồng thời giao chủ đầu tư đối với trường hợp dự án đầu tư xây dựng nhà ở xã hội chưa được chấp thuận chủ trương đầu tư, chấp thuận đầu tư hoặc chưa có văn bản pháp lý tương đương","pdf_thu_tuc/124_3.000507.pdf","0"
"125","019d2bfe-a070-74eb-ac35-165a750761d4","3.000508","Thủ tục điều chỉnh quyết định giao chủ đầu tư, quyết định chấp thuận chủ trương đầu tư đồng thời giao chủ đầu tư đối với dự án đầu tư xây dựng nhà ở xã hội","pdf_thu_tuc/125_3.000508.pdf","0"
"126","019d2bfe-a068-76eb-ab1f-aaef95d7f9b1","3.000506","Thủ tục giao chủ đầu tư không thông qua đấu thầu đối với trường hợp dự án đầu tư xây dựng nhà ở xã hội đã được chấp thuận chủ trương đầu tư, chấp thuận đầu tư hoặc có văn bản pháp lý tương đương","pdf_thu_tuc/126_3.000506.pdf","0"
"127","019d2bfe-a064-70e4-b368-712093262d30","3.000504","Thủ tục chấp thuận chủ trương đầu tư đồng thời giao chủ đầu tư đối với trường hợp dự án đầu tư xây dựng nhà ở cho lực lượng vũ trang nhân dân chưa được chấp thuận chủ trương đầu tư","pdf_thu_tuc/127_3.000504.pdf","0"
"128","019d2bfe-a063-76d4-8314-ecef2ba992ec","3.000505","Thủ tục điều chỉnh quyết định giao chủ đầu tư, quyết định chấp thuận chủ trương đầu tư đồng thời giao chủ đầu tư đối với dự án đầu tư xây dựng nhà ở cho lực lượng vũ trang nhân dân","pdf_thu_tuc/128_3.000505.pdf","0"
"129","019d2bfe-a05b-7528-b0fa-fce0338009c2","3.000503","Thủ tục giao chủ đầu tư không thông qua đấu thầu đối với dự án đầu tư xây dựng nhà ở cho lực lượng vũ trang nhân dân đã được chấp thuận chủ trương đầu tư","pdf_thu_tuc/129_3.000503.pdf","0"
"130","019d2bfe-a05a-760c-bbcb-0d26a337e975","3.000188","Chấp thuận hoạt động khảo sát, thăm dò, xây dựng công trình, thiết lập vành đai an toàn của công trình hoặc các hoạt động khác trên tuyến hàng hải trong lãnh hải Việt Nam","pdf_thu_tuc/130_3.000188.pdf","0"
"131","019d2bfe-a033-775f-9b09-25239675b3c8","2.001719","Đến cảng biển đối với tàu thuyền nước ngoài thực hiện các hoạt động về nghiên cứu khoa học, nghề cá, cứu hộ, trục vớt tài sản chìm đắm, lai dắt hỗ trợ trong vùng nước cảng biển, huấn luyện, văn hóa, thể thao, lắp đặt, xây dựng công trình biển, công trình ngầm, phục vụ khảo sát, thăm dò, khai thác tài nguyên, dịch vụ sửa chữa, đóng mới và các hoạt động về môi trường trong vùng biển Việt Nam","pdf_thu_tuc/131_2.001719.pdf","0"
"132","019d2bfe-a02c-754e-9e9e-afd5f23aa699","2.001921","Chấp thuận vị trí, quy mô, kích thước, phương án tổ chức thi công biển quảng cáo, biển thông tin cổ động, tuyên truyền chính trị; chấp thuận xây dựng, lắp đặt công trình hạ tầng, công trình hạ tầng kỹ thuật sử dụng chung trong phạm vi bảo vệ kết cấu hạ tầng đường bộ; chấp thuận gia cường công trình đường bộ khi cần thiết để cho phép xe quá khổ giới hạn, xe quá tải trọng, xe bánh xích lưu hành trên đường bộ","pdf_thu_tuc/132_2.001921.pdf","2"
"133","019d2bfe-9888-74df-b262-aa3d2f80a79d","2.001116","Bổ nhiệm và cấp thẻ giám định viên tư pháp xây dựng ở địa phương","pdf_thu_tuc/133_2.001116.pdf","1"
"134","019d2bfe-9876-73e4-a946-58dc7e53d673","2.001041","Bổ nhiệm và cấp thẻ giám định viên tư pháp xây dựng tại các cơ quan ở trung ương thuộc phạm vi quản lý của Bộ Xây dựng","pdf_thu_tuc/134_2.001041.pdf","1"
"135","019d2bfe-985c-732b-822b-460f2199467e","1.014632","Đăng ký mua, thuê mua, thuê nhà ở xã hội, vay vốn để hộ gia đình, cá nhân tự xây dựng hoặc cải tạo, sửa chữa nhà ở","pdf_thu_tuc/135_1.014632.pdf","7"
"136","019d2bfe-90c2-742a-9dfb-c6d2bdd9aac8","1.013239","Thẩm định Báo cáo nghiên cứu khả thi đầu tư xây dựng/Báo cáo nghiên cứu khả thi đầu tư xây dựng điều chỉnh","pdf_thu_tuc/136_1.013239.pdf","0"
"137","019d2bfe-90aa-7599-84e5-3f631fb4787e","1.013238","Cấp giấy phép xây dựng sửa chữa, cải tạo đối với công trình cấp đặc biệt, cấp I, cấp II (công trình Không theo tuyến/Theo tuyến trong đô thị/Tín ngưỡng, tôn giáo/Tượng đài, tranh hoành tráng/Theo giai đoạn cho công trình không theo tuyến/Theo giai đoạn cho công trình theo tuyến trong đô thị/Dự án)","pdf_thu_tuc/137_1.013238.pdf","0"
"138","019d2bfe-90a3-7380-bff5-eec6890fd74e","1.013237","Cấp mới chứng chỉ hành nghề hoạt động xây dựng","pdf_thu_tuc/138_1.013237.pdf","0"
"139","019d2bfe-909f-769a-9283-87c608b8028e","1.013236","Cấp giấy phép xây dựng mới công trình cấp đặc biệt, cấp I, cấp II (Công trình không theo tuyến/Theo tuyến trong đô thị/Tín ngưỡng, tôn giáo/Tượng đài, tranh hoành tráng/Theo giai đoạn cho công trình không theo tuyến/Theo giai đoạn cho công trình theo tuyến trong đô thị/Dự án)","pdf_thu_tuc/139_1.013236.pdf","0"
"140","019d2bfe-909f-759f-b593-a6f96a3cba80","1.013234","Thẩm định Thiết kế xây dựng triển khai sau thiết kế cơ sở/ Thiết kế xây dựng triển khai sau thiết kế cơ sở điều chỉnh;","pdf_thu_tuc/140_1.013234.pdf","0"
"141","019d2bfe-909c-759d-9dc9-416500074f0f","1.013229","Cấp giấy phép xây dựng sửa chữa, cải tạo đối với công trình cấp III, cấp IV (công trình Không theo tuyến/Theo tuyến trong đô thị/Tín ngưỡng, tôn giáo/Tượng đài, tranh hoành tráng/Theo giai đoạn cho công trình không theo tuyến/Theo giai đoạn cho công trình theo tuyến trong đô thị/Dự án) và nhà ở riêng lẻ:","pdf_thu_tuc/141_1.013229.pdf","0"
"142","019d2bfe-909b-7759-a8bd-ac47f52197b7","1.013235","Cấp lại giấy phép xây dựng đối với công trình cấp đặc biệt, cấp I, cấp II (công trình không theo tuyến/theo tuyến trong đô thị/tín ngưỡng, tôn giáo/tượng đài, tranh hoành tráng/sửa chữa, cải tạo/theo giai đoạn cho công trình không theo tuyến/theo giai đoạn cho công trình theo tuyến trong đô thị/dự án)","pdf_thu_tuc/142_1.013235.pdf","0"
"143","019d2bfe-9097-7135-94e7-f539d8b0cc19","1.013226","Cấp điều chỉnh giấy phép xây dựng đối với công trình cấp III, cấp IV (công trình Không theo tuyến/Theo tuyến trong đô thị/Tín ngưỡng, tôn giáo/Tượng đài, tranh hoành tráng/Theo giai đoạn cho công trình không theo tuyến/Theo giai đoạn cho công trình theo tuyến trong đô thị/Dự án) và nhà ở riêng lẻ","pdf_thu_tuc/143_1.013226.pdf","0"
"144","019d2bfe-9097-700f-899f-6dfc532f0e6b","1.013227","Gia hạn giấy phép xây dựng đối với công trình cấp III, cấp IV (công trình Không theo tuyến/Theo tuyến trong đô thị/Tín ngưỡng, tôn giáo/Tượng đài, tranh hoành tráng/Sửa chữa, cải tạo/Theo giai đoạn cho công trình không theo tuyến/Theo giai đoạn cho công trình theo tuyến trong đô thị/Dự án) và nhà ở riêng lẻ","pdf_thu_tuc/144_1.013227.pdf","0"
"145","019d2bfe-9096-741c-8211-fb8c9573a884","1.013222","Cấp giấy phép hoạt động xây dựng cho nhà thầu nước ngoài..","pdf_thu_tuc/145_1.013222.pdf","0"
"146","019d2bfe-9095-7471-a437-ef80166ef3e8","1.013233","Gia hạn giấy phép xây dựng đối với công trình cấp đặc biệt, cấp I, cấp II (Công trình không theo tuyến/theo tuyến trong đô thị/tín ngưỡng, tôn giáo/tượng đài, tranh hoành tráng/sửa chữa, cải tạo/theo giai đoạn cho công trình không theo tuyến/theo giai đoạn cho công trình theo tuyến trong đô thị/Dự án)","pdf_thu_tuc/146_1.013233.pdf","0"
"147","019d2bfe-9094-74d9-8a37-6cd6f710a627","1.013224","Cấp điều chỉnh giấy phép hoạt động xây dựng cho nhà thầu nước ngoài..","pdf_thu_tuc/147_1.013224.pdf","0"
"148","019d2bfe-9093-70af-9518-b5adb33f444f","1.013223","Công nhận tổ chức xã hội nghề nghiệp đủ điều kiện cấp chứng chỉ hành nghề hoạt động xây dựng hạng II, hạng III/chứng chỉ năng lực hoạt động xây dựng hạng II, hạng III cho hội viên của mình","pdf_thu_tuc/148_1.013223.pdf","0"
"149","019d2bfe-908a-775a-833e-26b204dfda4f","1.013228","Cấp lại giấy phép xây dựng đối với công trình cấp III, cấp IV (công trình Không theo tuyến/Theo tuyến trong đô thị/Tín ngưỡng, tôn giáo/Tượng đài, tranh hoành tráng/Sửa chữa, cải tạo/Theo giai đoạn cho công trình không theo tuyến/Theo giai đoạn cho công trình theo tuyến trong đô thị/Dự án) và nhà ở riêng lẻ","pdf_thu_tuc/149_1.013228.pdf","0"
"150","019d2bfe-9088-744d-aa0a-eff083a455fd","1.013231","Cấp điều chỉnh giấy phép xây dựng đối với công trình cấp đặc biệt, cấp I, cấp II (công trình Không theo tuyến/Theo tuyến trong đô thị/Tín ngưỡng, tôn giáo/Tượng đài, tranh hoành tráng/Theo giai đoạn cho công trình không theo tuyến/Theo giai đoạn cho công trình theo tuyến trong đô thị/Dự án)","pdf_thu_tuc/150_1.013231.pdf","0"
"151","019d2bfe-9088-744d-aa0a-e846b6dce3d5","1.013225","Cấp giấy phép xây dựng mới đối với công trình cấp III, cấp IV (Công trình không theo tuyến/Theo tuyến trong đô thị/Tín ngưỡng, tôn giáo/Tượng đài, tranh hoành tráng/Theo giai đoạn cho công trình không theo tuyến/Theo giai đoạn cho công trình theo tuyến trong đô thị/Dự án) và nhà ở riêng lẻ","pdf_thu_tuc/151_1.013225.pdf","0"
"152","019d2bfe-907f-72ef-9b06-94d82feb482a","1.013219","Cấp chuyển đổi chứng chỉ hành nghề hoạt động xây dựng","pdf_thu_tuc/152_1.013219.pdf","0"
"153","019d2bfe-890f-728b-a561-636cbb23215a","1.013218","Thẩm định Thiết kế xây dựng triển khai sau thiết kế cơ sở/ Thiết kế xây dựng triển khai sau thiết kế cơ sở điều chỉnh","pdf_thu_tuc/153_1.013218.pdf","0"
"154","019d2bfe-88fb-746f-9e8f-02beeafeaa1f","1.013217","Cấp lại chứng chỉ hành nghề hoạt động xây dựng","pdf_thu_tuc/154_1.013217.pdf","0"
"155","019d2bfe-88f8-75eb-9e3a-d4c86e1258f6","1.013216","Thẩm định Báo cáo nghiên cứu khả thi đầu tư xây dựng/ Báo cáo nghiên cứu khả thi đầu tư xây dựng điều chỉnh","pdf_thu_tuc/155_1.013216.pdf","0"
"156","019d2bfe-88ac-76be-b138-41c6181b652c","1.012903","Thông báo quyền sử dụng đất đã có hạ tầng kỹ thuật trong dự án bất động sản đủ điều kiện chuyển nhượng cho cá nhân tự xây dựng nhà ở","pdf_thu_tuc/156_1.012903.pdf","0"
"157","019d2bfe-88ac-71f9-b970-b83cf0372841","1.012896","Cho thuê, cho thuê mua nhà ở xã hội do Nhà nước đầu tư xây dựng bằng vốn đầu tư công","pdf_thu_tuc/157_1.012896.pdf","2"
"158","019d2bfe-88a9-71ce-8a6a-818481b46c49","1.012899","Đăng ký cấp quyền khai thác, sử dụng thông tin, dữ liệu về nhà ở và thị trường bất động sản thuộc thẩm quyền giải quyết của Bộ Xây dựng","pdf_thu_tuc/158_1.012899.pdf","1"
"159","019d2bfe-8106-741c-bdb7-9f19950e9911","1.012885","Chấp thuận chủ trương đầu tư đồng thời với chấp thuận nhà đầu tư làm chủ đầu tư đối với dự án cải tạo, xây dựng lại nhà chung cư không bằng nguồn vốn đầu tư công","pdf_thu_tuc/159_1.012885.pdf","0"
"160","019d2bfe-8102-77c3-9252-3f43b81cfc82","1.012886","Điều chỉnh chấp thuận chủ trương đầu tư đồng thời với chấp thuận nhà đầu tư làm chủ đầu tư đối với dự án cải tạo, xây dựng lại nhà chung cư không bằng nguồn vốn đầu tư công","pdf_thu_tuc/160_1.012886.pdf","0"
"161","019d2bfe-80fb-72dc-87dc-c46173a110d6","1.012883","Chuyển đổi công năng nhà ở đối với nhà ở xây dựng trong dự án thuộc thẩm quyền chấp thuận của UBND cấp tỉnh","pdf_thu_tuc/161_1.012883.pdf","0"
"162","019d2bfe-80fb-711b-a5f0-faff2871a7ae","1.012881","Cho thuê, cho thuê mua nhà ở cho lực lượng vũ trang nhân dân do Nhà nước đầu tư xây dựng bằng vốn đầu tư công","pdf_thu_tuc/162_1.012881.pdf","4"
"163","019d2bfe-7953-7209-86ed-a2006d1889de","1.011674","Miễn nhiệm và thu hồi thẻ giám định viên tư pháp xây dựng tại các cơ quan ở trung ương thuộc phạm vi quản lý của Bộ Xây dựng","pdf_thu_tuc/163_1.011674.pdf","1"
"164","019d2bfe-7945-7317-9313-f4d63343f59e","1.011675","Miễn nhiệm và thu hồi thẻ giám định viên tư pháp xây dựng ở địa phương","pdf_thu_tuc/164_1.011675.pdf","1"
"165","019d2bfe-712b-7199-8f22-d5fc91ab8426","1.009794","Kiểm tra công tác nghiệm thu hoàn thành công trình của cơ quan chuyên môn về xây dựng tại địa phương","pdf_thu_tuc/165_1.009794.pdf","1"
"166","019d2bfe-712a-768f-844c-47324b4d4d3f","1.009793","Kiểm tra công tác nghiệm thu hoàn thành công trình của cơ quan chuyên môn về xây dựng thuộc Bộ quản lý công trình xây dựng chuyên ngành","pdf_thu_tuc/166_1.009793.pdf","1"
"167","019d2bfe-698b-74ca-98e7-dd6c51c839e8","1.009462","Thỏa thuận thông số kỹ thuật xây dựng cảng thủy nội địa","pdf_thu_tuc/167_1.009462.pdf","2"
"168","019d2bfe-6981-7718-a29d-ed53f11adf84","1.009452","Thỏa thuận thông số kỹ thuật xây dựng bến thủy nội địa","pdf_thu_tuc/168_1.009452.pdf","1"
"169","019d2bfe-697e-76cf-ba9c-af46ff98c255","1.009451","Thỏa thuận thiết lập báo hiệu đường thủy nội địa đối với công trình xây dựng, hoạt động trên đường thủy nội địa","pdf_thu_tuc/169_1.009451.pdf","0"
"170","019d2bfe-6969-7309-beb8-559700c3087e","1.009453","Thỏa thuận thông số kỹ thuật xây dựng bến khách ngang sông, bến thủy nội địa phục vụ thi công công trình chính","pdf_thu_tuc/170_1.009453.pdf","1"
"171","019d2bfe-694e-75ee-8dad-cd00a9864fae","1.009442","Thỏa thuận thông số kỹ thuật xây dựng luồng đường thủy nội địa","pdf_thu_tuc/171_1.009442.pdf","0"
"172","019d2bfe-51f3-776e-bf1f-7ece529929f0","1.005123","Gia hạn giấy phép xây dựng công trình thiết yếu, dùng chung với đường sắt","pdf_thu_tuc/172_1.005123.pdf","1"
"173","019d2bfe-51f0-7395-8d15-47d5b9b3ff1e","1.005134","Cấp giấy phép xây dựng công trình thiết yếu, dùng chung với đường sắt","pdf_thu_tuc/173_1.005134.pdf","1"
"174","019d2bfe-51ec-711a-8fde-dfd4102a255c","1.005126","Cấp Giấy phép xây dựng, cải tạo, nâng cấp đường ngang","pdf_thu_tuc/174_1.005126.pdf","1"
"175","019d2bfe-51e6-75ae-9ea7-7e8e2b3c1ae5","1.005058","Gia hạn Giấy phép xây dựng, cải tạo, nâng cấp đường ngang","pdf_thu_tuc/175_1.005058.pdf","1"
"176","019d2bfe-4a33-766e-8a4c-b4acb87b29fd","1.004711","Chấp thuận phương án đảm bảo an ninh, an toàn và vệ sinh môi trường đối với hoạt động xây dựng, cải tạo, nâng cấp, bảo trì, sửa chữa công trình, lắp đặt, bảo dưỡng, sửa chữa thiết bị trong khu vực cảng hàng không, sân bay","pdf_thu_tuc/176_1.004711.pdf","0"
"177","019d2bfe-3a96-7278-9a81-accb6d26ff75","1.004077","Công bố thông báo hàng hải lần đầu về các thông số kỹ thuật của luồng hàng hải, vùng nước trước cầu cảng và các khu nước, vùng nước sau khi xây dưng, nạo vét duy tu, cải tạo, nâng cấp","pdf_thu_tuc/177_1.004077.pdf","1"
"178","019d2bfe-231f-7031-a7df-d5cfc8d3cf5e","1.002636","Gia hạn Giấy chứng nhận đủ điều kiện hoạt động kiểm định kỹ thuật an toàn lao động cho các tổ chức gia hạn Giấy chứng nhận đủ điều kiện hoạt động kiểm định kỹ thuật an toàn lao động cho các tổ chức thực hiện kiểm định đối với các máy, thiết bị, vật tư có yêu cầu nghiêm ngặt về an toàn lao động sử dụng trong thi công xây dựng","pdf_thu_tuc/178_1.002636.pdf","3"
"179","019d2bfe-22f0-7189-9a73-2e50c8fb20e5","1.002650","Cấp Giấy chứng nhận đủ điều kiện hoạt động kiểm định kỹ thuật an toàn lao động cho các tổ chức thực hiện kiểm định đối với các máy, thiết bị, vật tư có yêu cầu nghiêm ngặt về an toàn lao động sử dụng trong thi công xây dựng (bao gồm: hệ thống cốp pha trượt; hệ thống cốp pha leo; hệ giàn thép ván khuôn trượt; máy khoan, máy ép cọc, đóng cọc chuyên dùng có hệ thống tời nâng; máy bơm bê tông; cần trục tháp; máy vận thăng sử dụng trong thi công xây dựng; máy thi công công trình hầm, ngầm; hệ giàn giáo thép, thanh, cột chống tổ hợp; sàn treo nâng người sử dụng trong thi công xây dựng)","pdf_thu_tuc/179_1.002650.pdf","3"
"180","019d2bfe-22d1-71cc-bb0b-af18b91e9ce5","1.002613","Cấp lại Giấy chứng nhận đủ điều kiện hoạt động kiểm định kỹ thuật an toàn lao động cho các tổ chức thực hiện kiểm định đối với các máy, thiết bị, vật tư có yêu cầu nghiêm ngặt về an toàn lao động sử dụng trong thi công xây dựng","pdf_thu_tuc/180_1.002613.pdf","2"
"181","019d2bfe-22d0-73e6-85cf-a528d0e8b434","1.002589","Cấp chứng chỉ kiểm định viên cho các cá nhân thực hiện kiểm định đối với các máy, thiết bị, vật tư có yêu cầu nghiêm ngặt về an toàn lao động sử dụng trong thi công xây dựng","pdf_thu_tuc/181_1.002589.pdf","1"
"182","019d2bfe-1b3c-7371-831a-95703adcc8f1","1.002551","Cấp lại chứng chỉ kiểm định viên cho các cá nhân thực hiện kiểm định đối với các máy, thiết bị, vật tư có yêu cầu nghiêm ngặt về an toàn lao động sử dụng trong thi công xây dựng","pdf_thu_tuc/182_1.002551.pdf","1"
"183","019d2bfe-134c-702f-b12d-30443c30ed1b","1.002228","Thỏa thuận việc đầu tư xây dựng kết cấu hạ tầng cảng biển tạm thời","pdf_thu_tuc/183_1.002228.pdf","0"
"184","019d2bfe-1349-77e5-9230-fa01d51c1ea0","1.001899","Cho ý kiến đối với dự án xây dựng công trình trong vùng nước cảng biển  và các công trình khác xây dựng trong vùng nước cảng biển","pdf_thu_tuc/184_1.001899.pdf","0"
"185","019d2bfd-f3d2-7798-a6f0-12cc948f2573","1.014218","Thủ tục lấy ý kiến đối với việc xây dựng nhà ở riêng lẻ nằm ngoài khu vực bảo vệ di tích, nằm ngoài vùng đệm của khu vực di sản thế giới có khả năng tác động tiêu cực đến yếu tố gốc cấu thành di tích, cảnh quan văn hóa của di tích, di sản thế giới (trường hợp không cấp giấy phép xây dựng)","pdf_thu_tuc/185_1.014218.pdf","0"
"186","019d2bfd-f3d2-71d6-937a-30622585b57c","1.014192","Thủ tục cấp lại biển hiệu phương tiện vận tải khách du lịch bằng đường thủy nội địa (thẩm quyền của Sở Xây dựng).","pdf_thu_tuc/186_1.014192.pdf","0"
"187","019d2bfd-f3d0-722f-a593-0b0f37a75354","1.014190","Thủ tục cấp biển hiệu phương tiện vận tải khách du lịch bằng đường thủy nội địa (thẩm quyền của Sở Xây dựng)","pdf_thu_tuc/187_1.014190.pdf","0"
"188","019d2bfd-f3cc-767b-bc0b-5cc48ab80ae9","1.014217","Thủ tục lấy ý kiến đối với việc sửa chữa, cải tạo, xây dựng nhà ở riêng lẻ nằm trong khu vực bảo vệ di tích, di sản thế giới (trường hợp không cấp giấy phép xây dựng)","pdf_thu_tuc/188_1.014217.pdf","0"
"189","019d2bfd-f3c7-74dd-b1cf-bf9a49065870","1.014191","Thủ tục cấp đổi biển hiệu phương tiện vận tải khách du lịch bằng đường thủy nội địa (thẩm quyền của Sở Xây dựng).","pdf_thu_tuc/189_1.014191.pdf","0"
"190","019d2bfd-ebfb-75dd-be92-204f71d96704","1.011659","Phê duyệt biểu mức và phương thức thanh toán tiền bản quyền do tổ chức đại diện tập thể quyền tác giả, quyền liên quan xây dựng","pdf_thu_tuc/190_1.011659.pdf","0"
"191","019d2bfd-b53e-713d-b8f5-b60a4f1c821d","1.001755","Thủ tục cấp giấy phép xây dựng tượng đài, tranh hoành tráng","pdf_thu_tuc/191_1.001755.pdf","0"
"192","019d2bfc-359e-71d9-adc4-e107b8f31104","1.007754","Thủ tục đối với nguyên liệu, vật tư nhập khẩu để sản xuất, để xây dựng nhà xưởng, lắp đặt thiết bị cho DNCX, hàng hóa nhập khẩu tạo tài sản cố định, hàng tiêu dùng nhập khẩu, sản phẩm xuất khẩu của DNCX","pdf_thu_tuc/192_1.007754.pdf","0"
"193","019d2bfa-adcb-7279-9877-636094f08fbc","2.001621","Hỗ trợ đầu tư xây dựng phát triển thủy lợi nhỏ, thuỷ lợi nội đồng và tưới tiên tiến, tiết kiệm nước (Đối với nguồn vốn hỗ trợ trực tiếp, ngân sách địa phương và nguồn vốn hợp pháp khác của địa phương phân bổ dự toán cho UBND cấp xã thực hiện)","pdf_thu_tuc/193_2.001621.pdf","1"
"194","019d2bfa-a60d-71de-9ac9-de07828861cd","2.001426","Cấp gia hạn, điều chỉnh nội dung giấy phép cho các hoạt động trong phạm vi bảo vệ công trình thủy lợi: Xây dựng công trình mới; Lập bến, bãi tập kết nguyên liệu, nhiên liệu, vật liệu, vật tư, phương tiện; Xây dựng công trình ngầm thuộc thẩm quyền cấp phép của Chủ tịch UBND cấp tỉnh","pdf_thu_tuc/194_2.001426.pdf","1"
"195","019d2bfa-9e29-7049-92d6-5dfd31a59b14","1.014851","Cấp gia hạn, điều chỉnh nội dung giấy phép cho các hoạt động trong phạm vi bảo vệ công trình thủy lợi: Xây dựng công trình mới; Lập bến, bãi tập kết nguyên liệu, nhiên liệu, vật liệu, vật tư, phương tiện; Xây dựng công trình ngầm do Chủ tịch UBND cấp tỉnh phân cấp cho Chủ tịch UBND cấp xã","pdf_thu_tuc/195_1.014851.pdf","1"
"196","019d2bfa-9e1f-759a-a302-7388633cac66","1.014849","Cấp giấy phép cho các hoạt động trong phạm vi bảo vệ công trình thủy lợi: Xây dựng công trình mới; Lập bến, bãi tập kết nguyên liệu, nhiên liệu, vật tư, phương tiện; Xây dựng công trình ngầm do Chủ tịch UBND cấp tỉnh phân cấp cho Chủ tịch UBND cấp xã","pdf_thu_tuc/196_1.014849.pdf","1"
"197","019d2bfa-8678-7030-8757-6ff69db130e3","1.013980","Đăng ký biến động đối với trường hợp thay đổi quyền sử dụng đất, quyền sở hữu tài sản gắn liền với đất theo thỏa thuận của các thành viên hộ gia đình hoặc của vợ và chồng; quyền sử dụng đất xây dựng công trình trên mặt đất phục vụ cho việc vận hành, khai thác sử dụng công trình ngầm, quyền sở hữu công trình ngầm; bán tài sản, điều chuyển, chuyển nhượng quyền sử dụng đất là tài sản công theo quy định của pháp luật về quản lý, sử dụng tài sản công; nhận quyền sử dụng đất, quyền sở hữu tài sản gắn liền với đất theo kết quả giải quyết tranh chấp, khiếu nại, tố cáo về đất đai hoặc bản án, quyết định của Tòa án, quyết định thi hành án của cơ quan thi hành án đã được thi hành; quyết định hoặc phán quyết của Trọng tài thương mại Việt Nam về giải quyết tranh chấp giữa các bên phát sinh từ hoạt động thương mại liên quan đến đất đai; nhận quyền sử dụng đất, quyền sở hữu tài sản gắn liền với đất do xử lý tài sản thế chấp là quyền sử dụng đất, tài sản gắn liền với đất đã được đăng ký, bao gồm cả xử lý khoản nợ có nguồn gốc từ khoản nợ xấu của tổ chức tín dụng, chi nhánh ngân hàng nước ngoài","pdf_thu_tuc/197_1.013980.pdf","0"
"198","019d2bfa-8671-748e-8363-fcba5996a7f6","1.013977","Đăng ký biến động thay đổi quyền sử dụng đất, quyền sở hữu tài sản gắn liền với đất do chia, tách, hợp nhất, sáp nhập tổ chức hoặc chuyển đổi mô hình tổ chức, chuyển đổi loại hình doanh nghiệp theo quy định của pháp luật về doanh nghiệp; điều chỉnh quy hoạch xây dựng chi tiết; cấp Giấy chứng nhận cho từng thửa đất theo quy hoạch xây dựng chi tiết cho chủ đầu tư dự án có nhu cầu","pdf_thu_tuc/198_1.013977.pdf","0"
"199","019d2bfa-7ece-728d-9b60-6563e0a7a94e","1.013831","Đăng ký biến động quyền sử dụng đất, quyền sở hữu tài sản gắn liền với đất trong các trường hợp chuyển đổi quyền sử dụng đất nông nghiệp mà không theo phương án dồn điền, đổi thửa; chuyển nhượng, thừa kế, tặng cho quyền sử dụng đất, quyền sở hữu tài sản gắn liền với đất, góp vốn bằng quyền sử dụng đất, quyền sở hữu tài sản gắn liền với đất; cho thuê, cho thuê lại quyền sử dụng đất trong dự án xây dựng kinh doanh kết cấu hạ tầng; bán hoặc tặng cho hoặc để thừa kế hoặc góp vốn bằng tài sản gắn liền với đất thuê của Nhà nước theo hình thức thuê đất trả tiền hàng năm","pdf_thu_tuc/199_1.013831.pdf","0"
"200","019d2bfa-76cb-741b-996e-2b45f564b292","1.012787","Đăng ký, cấp Giấy chứng nhận quyền sử dụng đất, quyền sở hữu tài sản gắn liền với đất cho người nhận chuyển nhượng quyền sử dụng đất, quyền sở hữu nhà ở, công trình xây dựng trong dự án bất động sản","pdf_thu_tuc/200_1.012787.pdf","0"
"201","019d2bfa-6f11-772a-8dda-5bf1a8d83029","1.012766","Xóa đăng ký thuê, cho thuê lại quyền sử dụng đất trong dự án xây dựng kinh doanh kết cấu hạ tầng","pdf_thu_tuc/201_1.012766.pdf","0"
"202","019d2bfa-3829-737a-a859-3d6a8f1ba001","1.004427","Cấp giấy phép cho các hoạt động trong phạm vi bảo vệ công trình thủy lợi: Xây dựng công trình mới; Lập bến, bãi tập kết nguyên liệu, nhiên liệu, vật tư, phương tiện; Xây dựng công trình ngầm thuộc thẩm quyền cấp phép của Chủ tịch UBND cấp tỉnh","pdf_thu_tuc/202_1.004427.pdf","1"
"203","019d2bf9-83fc-70e3-9c5c-371ee9f8f762","1.014658","Phê duyệt Báo cáo phân tích an toàn trong xây dựng cơ sở bức xạ","pdf_thu_tuc/203_1.014658.pdf","2"
"204","019d2bf7-fc09-77db-bc2c-ae42434f13ef","1.011690","Phê duyệt các tài liệu về quản lý an toàn các hoạt động khoan tìm kiếm thăm dò dầu khí, xây dựng mới hoặc hoán cải công trình dầu khí, thu dọn công trình dầu khí","pdf_thu_tuc/204_1.011690.pdf","0"
"205","019d2bf7-ec95-77f9-b05f-26b723a2a7e7","1.003869","Thẩm định, phê duyệt quy trình vận hành hồ chứa thủy điện quan trọng đặc biệt và hồ chứa thủy điện được xây dựng trên địa bàn 02 tỉnh trở lên thuộc thẩm quyền phê duyệt của Bộ Công Thương","pdf_thu_tuc/205_1.003869.pdf","0"
"206","019d2bf7-cd1a-71cf-91aa-fb5e582e07eb","3.000493","Nghiệm thu về phòng cháy chữa cháy (đối với dự án đầu tư xây dựng công trình, công trình, phương tiện giao thông đã được cơ quan Công an cấp Giấy chứng nhận thẩm duyệt thiết kế về phòng cháy và chữa cháy mà chưa được chấp thuận kết quả nghiệm thu)","pdf_thu_tuc/206_3.000493.pdf","1"
"207","019d2bf7-cd0e-72bb-a50e-0d1da731dbbd","3.000492","Thẩm duyệt thiết kế về phòng cháy và chữa cháy (trường hợp điều chỉnh thiết kế trong quá trình thi công đối với dự án đầu tư xây dựng công trình, công trình, phương tiện giao thông đã được cơ quan Công an cấp Giấy chứng nhận thẩm duyệt thiết kế về phòng cháy và chữa cháy mà chưa được chấp thuận kết quả nghiệm thu)","pdf_thu_tuc/207_3.000492.pdf","0"
